{
	"swagger": "2.0",
	"info": {
		"version": "1",
		"title": "API AragoDBpedia 2.0",
		"termsOfService": "",
		"contact": {
			"email": "opendata@aragon.es"
		},
		"license": {
			"name": "Apache 2.0",
			"url": "http://www.apache.org/licenses/LICENSE-2.0.html"
		}
	},
	"host": "opendata.aragon.es",
	"basePath": "/recurso",
	"schemes": ["http"],
	"paths": { 
	    "/territorio/Municipio.{formato}": {
			"get": {
				"tags": ["Territorio"],
				"summary": "Encuentra todos los municipios",
				"description": "Devuelve todos los municipios de la Comunidad Autónoma de Aragón",
				"operationId": "findAllMunicipalities",
				"produces": ["text/html"],
				"parameters": [{
					"name": "formato",
					"in": "path",
					"description": "Formato de respuesta.",
					"required": true,
					"type": "string",
					"enum": ["json", "xml", "ttl", "html"]
				}, {
					"name": "_view",
					"in": "query",
					"description": "Vista del formato de respuesta.",
					"default": "simple",
					"required": false,
					"type": "string",
					"enum": ["simple", "ampliada", "completa"]
				}, {
					"name": "_pageSize",
					"in": "query",
					"description": "Número de elementos en cada página.",
					"default": 10,
					"required": false,
					"type": "integer",
					"format": "int32"
				}, {
					"name": "_page",
					"in": "query",
					"description": "Número de la página que se va a pedir.",
					"default": 0,
					"required": false,
					"type": "integer",
					"format": "int32"
				}, {
					"name": "api_key",
					"in": "query",
					"description": "Api key de la aplicación",
					"required": true,
					"type": "string"
				}],
				"responses": {
					"200": {
						"description": "Operación correcta",
						"schema": {
							"$ref": "#/definitions/MunicipalityResponse"
						}
					},
					"400": {
						"description": "Operación no válida"
					}
				}
			}
		},
		"/territorio/Municipio/{nombre}.{formato}": {
			"get": {
				"tags": ["Territorio"],
				"summary": "Encuentra un municipio",
				"description": "Devuelve un municipio de la Comunidad Autónoma de Aragón dado su nombre",
				"operationId": "findOneMunicipality",
				"produces": ["text/html"],
				"parameters": [{
					"name": "formato",
					"in": "path",
					"description": "Formato de respuesta.",
					"required": true,
					"type": "string",
					"enum": ["json", "xml", "ttl", "html"]
				}, {
					"name": "nombre",
					"in": "path",
					"description": "Nombre del municipio",
					"default": "Abanto",
					"required": true,
					"type": "string"
				}, {
					"name": "_view",
					"in": "query",
					"description": "Vista del formato de respuesta.",
					"default": "simple",
					"required": false,
					"type": "string",
					"enum": ["simple", "ampliada", "completa"]
				}, {
					"name": "_pageSize",
					"in": "query",
					"description": "Número de elementos en cada página.",
					"default": 10,
					"required": false,
					"type": "integer",
					"format": "int32"
				}, {
					"name": "_page",
					"in": "query",
					"description": "Número de la página que se va a pedir.",
					"default": 0,
					"required": false,
					"type": "integer",
					"format": "int32"
				}, {
					"name": "api_key",
					"in": "query",
					"description": "Api key de la aplicación",
					"required": true,
					"type": "string"
				}],
				"responses": {
					"200": {
						"description": "Operación correcta",
						"schema": {
							"$ref": "#/definitions/MunicipalityResponse"
						}
					},
					"400": {
						"description": "Operación no válida"
					}
				}
			}
		},
		"/territorio/Comarca.{formato}": {
			"get": {
				"tags": ["Territorio"],
				"summary": "Encuentra todas las comarcas",
				"description": "Devuelve todas los comarcas de la Comunidad Autónoma de Aragón",
				"operationId": "findAllRegions",
				"produces": ["text/html"],
				"parameters": [{
					"name": "formato",
					"in": "path",
					"description": "Formato de respuesta.",
					"required": true,
					"type": "string",
					"enum": ["json", "xml", "ttl", "html"]
				}, {
					"name": "_view",
					"in": "query",
					"description": "Vista del formato de respuesta.",
					"default": "simple",
					"required": false,
					"type": "string",
					"enum": ["simple", "ampliada", "completa"]
				}, {
					"name": "_pageSize",
					"in": "query",
					"description": "Número de elementos en cada página.",
					"default": 10,
					"required": false,
					"type": "integer",
					"format": "int32"
				}, {
					"name": "_page",
					"in": "query",
					"description": "Número de la página que se va a pedir.",
					"default": 0,
					"required": false,
					"type": "integer",
					"format": "int32"
				}, {
					"name": "api_key",
					"in": "query",
					"description": "Api key de la aplicación",
					"required": true,
					"type": "string"
				}],
				"responses": {
					"200": {
						"description": "Operación correcta",
						"schema": {
							"$ref": "#/definitions/RegionResponse"
						}
					},
					"400": {
						"description": "Operación no válida"
					}
				}
			}
		},
		"/territorio/Comarca/{nombre}.{formato}": {
			"get": {
				"tags": ["Territorio"],
				"summary": "Encuentra una comarca",
				"description": "Devuelve una comarca de la Comunidad Autónoma de Aragón dado su nombre",
				"operationId": "findOneRegion",
				"produces": ["text/html"],
				"parameters": [{
					"name": "formato",
					"in": "path",
					"description": "Formato de respuesta.",
					"required": true,
					"type": "string",
					"enum": ["json", "xml", "ttl", "html"]
				}, {
					"name": "nombre",
					"in": "path",
					"description": "Nombre de la comarca",
					"default": "Aranda",
					"required": true,
					"type": "string"
				}, {
					"name": "_view",
					"in": "query",
					"description": "Vista del formato de respuesta.",
					"default": "simple",
					"required": false,
					"type": "string",
					"enum": ["simple", "ampliada", "completa"]
				}, {
					"name": "_pageSize",
					"in": "query",
					"description": "Número de elementos en cada página.",
					"default": 10,
					"required": false,
					"type": "integer",
					"format": "int32"
				}, {
					"name": "_page",
					"in": "query",
					"description": "Número de la página que se va a pedir.",
					"default": 0,
					"required": false,
					"type": "integer",
					"format": "int32"
				}, {
					"name": "api_key",
					"in": "query",
					"description": "Api key de la aplicación",
					"required": true,
					"type": "string"
				}],
				"responses": {
					"200": {
						"description": "Operación correcta",
						"schema": {
							"$ref": "#/definitions/RegionResponse"
						}
					},
					"400": {
						"description": "Operación no válida"
					}
				}
			}
		},
		"/territorio/Provincia.{formato}": {
			"get": {
				"tags": ["Territorio"],
				"summary": "Encuentra todas las provincias",
				"description": "Devuelve todas las provincias de la Comunidad Autónoma de Aragón",
				"operationId": "findAllProvinces",
				"produces": ["text/html"],
				"parameters": [{
					"name": "formato",
					"in": "path",
					"description": "Formato de respuesta.",
					"required": true,
					"type": "string",
					"enum": ["json", "xml", "ttl", "html"]
				}, {
					"name": "_view",
					"in": "query",
					"description": "Vista del formato de respuesta.",
					"default": "simple",
					"required": false,
					"type": "string",
					"enum": ["simple", "ampliada", "completa"]
				}, {
					"name": "_pageSize",
					"in": "query",
					"description": "Número de elementos en cada página.",
					"default": 10,
					"required": false,
					"type": "integer",
					"format": "int32"
				}, {
					"name": "_page",
					"in": "query",
					"description": "Número de la página que se va a pedir.",
					"default": 0,
					"required": false,
					"type": "integer",
					"format": "int32"
				}, {
					"name": "api_key",
					"in": "query",
					"description": "Api key de la aplicación",
					"required": true,
					"type": "string"
				}],
				"responses": {
					"200": {
						"description": "Operación correcta",
						"schema": {
							"$ref": "#/definitions/ProvinceResponse"
						}
					},
					"400": {
						"description": "Operación no válida"}
				}
			}
		},
		"/territorio/Provincia/{nombre}.{formato}": {
			"get": {
				"tags": ["Territorio"],
				"summary": "Encuentra una provincia",
				"description": "Devuelve una provincia de la Comunidad Autónoma de Aragón dado su nombre",
				"operationId": "findOneProvince",
				"produces": ["text/html"],
				"parameters": [{
					"name": "formato",
					"in": "path",
					"description": "Formato de respuesta.",
					"required": true,
					"type": "string",
					"enum": ["json", "xml", "ttl", "html"]
				}, {
					"name": "nombre",
					"in": "path",
					"description": "Nombre de la provincia.",
					"default": "Teruel",
					"required": true,
					"type": "string"
				}, {
					"name": "_view",
					"in": "query",
					"description": "Vista del formato de respuesta.",
					"default": "simple",
					"required": false,
					"type": "string",
					"enum": ["simple", "ampliada", "completa"]
				}, {
					"name": "_pageSize",
					"in": "query",
					"description": "Número de elementos en cada página.",
					"default": 10,
					"required": false,
					"type": "integer",
					"format": "int32"
				}, {
					"name": "_page",
					"in": "query",
					"description": "Número de la página que se va a pedir.",
					"default": 0,
					"required": false,
					"type": "integer",
					"format": "int32"
				}, {
					"name": "api_key",
					"in": "query",
					"description": "Api key de la aplicación",
					"required": true,
					"type": "string"
				}],
				"responses": {
					"200": {
						"description": "Operación correcta",
						"schema": {
							"$ref": "#/definitions/ProvinceResponse"
						}
					},
					"400": {
						"description": "Operación no válida"
					}
				}
			}
		},
		"/territorio/ComunidadAutonoma.{formato}": {
			"get": {
				"tags": ["Territorio"],
				"summary": "Encuentra todas las comunidades autónomas",
				"description": "Devuelve todas las comunidades autónomas de la Comunidad Autónoma de Aragón",
				"operationId": "findAllautonomousCommunities",
				"produces": ["text/html"],
				"parameters": [{
					"name": "formato",
					"in": "path",
					"description": "Formato de respuesta.",
					"required": true,
					"type": "string",
					"enum": ["json", "xml", "ttl", "html"]
				}, {
					"name": "_view",
					"in": "query",
					"description": "Vista del formato de respuesta.",
					"default": "simple",
					"required": false,
					"type": "string",
					"enum": ["simple", "ampliada", "completa"]
				}, {
					"name": "_pageSize",
					"in": "query",
					"description": "Número de elementos en cada página.",
					"default": 10,
					"required": false,
					"type": "integer",
					"format": "int32"
				}, {
					"name": "_page",
					"in": "query",
					"description": "Número de la página que se va a pedir.",
					"default": 0,
					"required": false,
					"type": "integer",
					"format": "int32"
				}, {
					"name": "api_key",
					"in": "query",
					"description": "Api key de la aplicación",
					"required": true,
					"type": "string"
				}],
				"responses": {
					"200": {
						"description": "Operación correcta",
						"schema": {
							"$ref": "#/definitions/AutonomousCommunityResponse"
						}
					},
					"400": {
						"description": "Operación no válida"
					}
				}
			}
		},
		"/territorio/ComunidadAutonoma/{nombre}.{formato}": {
			"get": {
				"tags": ["Territorio"],
				"summary": "Encuentra una comunidad autónoma",
				"description": "Devuelve una comunidad autónoma de la Comunidad Autónoma de Aragón dado su nombre",
				"operationId": "findOneComunidadAutonoma",
				"produces": ["text/html"],
				"parameters": [{
					"name": "formato",
					"in": "path",
					"description": "Formato de respuesta.",
					"required": true,
					"type": "string",
					"enum": ["json", "xml", "ttl", "html"]
				}, {
					"name": "nombre",
					"in": "path",
					"description": "Nombre de la comunidad autónoma",
					"default": "Aragón",
					"required": true,
					"type": "string"
				}, {
					"name": "_view",
					"in": "query",
					"description": "Vista del formato de respuesta.",
					"default": "simple",
					"required": false,
					"type": "string",
					"enum": ["simple", "ampliada", "completa"]
				}, {
					"name": "_pageSize",
					"in": "query",
					"description": "Número de elementos en cada página.",
					"default": 10,
					"required": false,
					"type": "integer",
					"format": "int32"
				}, {
					"name": "_page",
					"in": "query",
					"description": "Número de la página que se va a pedir.",
					"default": 0,
					"required": false,
					"type": "integer",
					"format": "int32"
				}, {
					"name": "api_key",
					"in": "query",
					"description": "Api key de la aplicación",
					"required": true,
					"type": "string"
				}],
				"responses": {
					"200": {
						"description": "Operación correcta",
						"schema": {
							"$ref": "#/definitions/AutonomousCommunityResponse"
						}
					},
					"400": {
						"description": "Operación no válida"
					}
				}
			}
		},
		"/iaest/observacion.{formato}": {
			"get": {
				"tags": ["Metadata"],
				"summary": "Encuentra todas las observaciones",
				"description": "Devuelve todas las observaciones de los cubos de datos del IAEST",
				"operationId": "findAllObservations",
				"produces": ["text/html"],
				"parameters": [{
					"name": "formato",
					"in": "path",
					"description": "Formato de respuesta.",
					"required": true,
					"type": "string",
					"enum": ["json", "xml", "ttl", "html"]
				}, {
					"name": "_view",
					"in": "query",
					"description": "Vista del formato de respuesta.",
					"default": "basic",
					"required": false,
					"type": "string",
					"enum": ["all", "basic", "description"]
				}, {
					"name": "_pageSize",
					"in": "query",
					"description": "Número de elementos en cada página.",
					"default": 10,
					"required": false,
					"type": "integer",
					"format": "int32"
				}, {
					"name": "_page",
					"in": "query",
					"description": "Número de la página que se va a pedir.",
					"default": 0,
					"required": false,
					"type": "integer",
					"format": "int32"
				}, {
					"name": "api_key",
					"in": "query",
					"description": "Api key de la aplicación",
					"required": true,
					"type": "string"
				}],
				"responses": {
					"200": {
						"description": "Operación correcta",
						"schema": {
							"$ref": "#/definitions/ObservationResponse"
						}
					},
					"400": {
						"description": "Operación no válida"
					}
				}
			}
		},
		"/iaest/observacion/{idConjuntoDatos}/{idObservacion}.{formato}": {
			"get": {
				"tags": ["Metadata"],
				"summary": "Encuentra una observación",
				"description": "Devuelve una observación de los cubos de datos del IAEST dado su identificador y el de su conjunto de datos",
				"operationId": "findOneObservation",
				"produces": ["text/html"],
				"parameters": [{
					"name": "formato",
					"in": "path",
					"description": "Formato de respuesta.",
					"required": true,
					"type": "string",
					"enum": ["json", "xml", "ttl", "html"]
				}, {
					"name": "idConjuntoDatos",
					"in": "path",
					"description": "Identificador del conjunto de datos, padre de la observación",
					"default": "01-010001A",
					"required": true,
					"type": "string"
				}, {
					"name": "idObservacion",
					"in": "path",
					"description": "Identificador de la observación",
					"default": "01aac844-058d-3bd3-abb8-e481e4b278f1",
					"required": true,
					"type": "string"
				}, {
					"name": "_view",
					"in": "query",
					"description": "Vista del formato de respuesta.",
					"default": "basic",
					"required": false,
					"type": "string",
					"enum": ["all", "basic", "description"]
				}, {
					"name": "_pageSize",
					"in": "query",
					"description": "Número de elementos en cada página.",
					"default": 10,
					"required": false,
					"type": "integer",
					"format": "int32"
				}, {
					"name": "_page",
					"in": "query",
					"description": "Número de la página que se va a pedir.",
					"default": 0,
					"required": false,
					"type": "integer",
					"format": "int32"
				}, {
					"name": "api_key",
					"in": "query",
					"description": "Api key de la aplicación",
					"required": true,
					"type": "string"
				}],
				"responses": {
					"200": {
						"description": "Operación correcta",
						"schema": {
							"$ref": "#/definitions/ObservationResponse"
						}
					},
					"400": {
						"description": "Operación no válida"
					}
				}
			}
		},
		"/iaest/dsd.{formato}": {
			"get": {
				"tags": ["Metadata"],
				"summary": "Encuentra todos los dsd",
				"description": "Devuelve todos los dsd de los cubos de datos del IAEST",
				"operationId": "findAllDsd",
				"produces": ["text/html"],
				"parameters": [{
					"name": "formato",
					"in": "path",
					"description": "Formato de respuesta.",
					"required": true,
					"type": "string",
					"enum": ["json", "xml", "ttl", "html"]
				}, {
					"name": "_view",
					"in": "query",
					"description": "Vista del formato de respuesta.",
					"default": "basic",
					"required": false,
					"type": "string",
					"enum": ["all", "basic", "description"]
				}, {
					"name": "_pageSize",
					"in": "query",
					"description": "Número de elementos en cada página.",
					"default": 10,
					"required": false,
					"type": "integer",
					"format": "int32"
				}, {
					"name": "_page",
					"in": "query",
					"description": "Número de la página que se va a pedir.",
					"default": 0,
					"required": false,
					"type": "integer",
					"format": "int32"
				}, {
					"name": "api_key",
					"in": "query",
					"description": "Api key de la aplicación",
					"required": true,
					"type": "string"
				}],
				"responses": {
					"200": {
						"description": "Operación correcta",
						"schema": {
							"$ref": "#/definitions/DsdAllResponse"
						}
					},
					"400": {
						"description": "Operación no válida"
					}
				}
			}
		},
		"/iaest/dsd/{idConjuntoDatos}.{formato}": {
			"get": {
				"tags": ["Metadata"],
				"summary": "Encuentra un dsd",
				"description": "Devuelve un dsd de los cubos de datos del IAEST dado su identificador",
				"operationId": "findOneDsd",
				"produces": ["text/html"],
				"parameters": [{
					"name": "formato",
					"in": "path",
					"description": "Formato de respuesta.",
					"required": true,
					"type": "string",
					"enum": ["json", "xml", "ttl", "html"]
				}, {
					"name": "idConjuntoDatos",
					"in": "path",
					"description": "Identificador del dsd",
					"default": "03-030006",
					"required": true,
					"type": "string"
				}, {
					"name": "_view",
					"in": "query",
					"description": "Vista del formato de respuesta.",
					"default": "basic",
					"required": false,
					"type": "string",
					"enum": ["all", "basic", "description"]
				}, {
					"name": "_pageSize",
					"in": "query",
					"description": "Número de elementos en cada página.",
					"default": 10,
					"required": false,
					"type": "integer",
					"format": "int32"
				}, {
					"name": "_page",
					"in": "query",
					"description": "Número de la página que se va a pedir.",
					"default": 0,
					"required": false,
					"type": "integer",
					"format": "int32"
				}, {
					"name": "api_key",
					"in": "query",
					"description": "Api key de la aplicación",
					"required": true,
					"type": "string"
				}],
				"responses": {
					"200": {
						"description": "Operación correcta",
						"schema": {
							"$ref": "#/definitions/DsdIdResponse"
						}
					},
					"400": {
						"description": "Operación no válida"
					}
				}
			}
		},
		"/iaest/property.{formato}": {
			"get": {
				"tags": ["Metadata"],
				"summary": "Encuentra todas las propiedades",
				"description": "Devuelve todas las propiedades de los cubos de datos del IAEST",
				"operationId": "findAllProperty",
				"produces": ["text/html"],
				"parameters": [{
					"name": "formato",
					"in": "path",
					"description": "Formato de respuesta.",
					"required": true,
					"type": "string",
					"enum": ["json", "xml", "ttl", "html"]
				}, {
					"name": "_view",
					"in": "query",
					"description": "Vista del formato de respuesta.",
					"default": "basic",
					"required": false,
					"type": "string",
					"enum": ["all", "basic", "description"]
				}, {
					"name": "_pageSize",
					"in": "query",
					"description": "Número de elementos en cada página.",
					"default": 10,
					"required": false,
					"type": "integer",
					"format": "int32"
				}, {
					"name": "_page",
					"in": "query",
					"description": "Número de la página que se va a pedir.",
					"default": 0,
					"required": false,
					"type": "integer",
					"format": "int32"
				}, {
					"name": "api_key",
					"in": "query",
					"description": "Api key de la aplicación",
					"required": true,
					"type": "string"
				}],
				"responses": {
					"200": {
						"description": "Operación correcta",
						"schema": {
							"$ref": "#/definitions/PropertyResponse"
						}
					},
					"400": {
						"description": "Operación no válida"
					}
				}
			}
		},
		"/iaest/dimension.{formato}": {
			"get": {
				"tags": ["Metadata"],
				"summary": "Encuentra todas las dimensiones",
				"description": "Devuelve todas las dimensiones de los cubos de datos del IAEST",
				"operationId": "findAllDimension",
				"produces": ["text/html"],
				"parameters": [{
					"name": "formato",
					"in": "path",
					"description": "Formato de respuesta.",
					"required": true,
					"type": "string",
					"enum": ["json", "xml", "ttl", "html"]
				}, {
					"name": "_view",
					"in": "query",
					"description": "Vista del formato de respuesta.",
					"default": "basic",
					"required": false,
					"type": "string",
					"enum": ["all", "basic", "description"]
				}, {
					"name": "_pageSize",
					"in": "query",
					"description": "Número de elementos en cada página.",
					"default": 10,
					"required": false,
					"type": "integer",
					"format": "int32"
				}, {
					"name": "_page",
					"in": "query",
					"description": "Número de la página que se va a pedir.",
					"default": 0,
					"required": false,
					"type": "integer",
					"format": "int32"
				}, {
					"name": "api_key",
					"in": "query",
					"description": "Api key de la aplicación",
					"required": true,
					"type": "string"
				}],
				"responses": {
					"200": {
						"description": "Operación correcta",
						"schema": {
							"$ref": "#/definitions/PropertyResponse"
						}
					},
					"400": {
						"description": "Operación no válida"
					}
				}
			}
		},
		"/iaest/dimension/{nombre}.{formato}": {
			"get": {
				"tags": ["Metadata"],
				"summary": "Encuentra una dimensión",
				"description": "Devuelve una dimensión de los cubos de datos del IAEST dado su nombre",
				"operationId": "findOneDimension",
				"produces": ["text/html"],
				"parameters": [{
					"name": "formato",
					"in": "path",
					"description": "Formato de respuesta.",
					"required": true,
					"type": "string",
					"enum": ["json", "xml", "ttl", "html"]
				}, {
					"name": "nombre",
					"in": "path",
					"description": "Nombre de la dimensión",
					"default": "ascensor",
					"required": true,
					"type": "string"
				}, {
					"name": "_view",
					"in": "query",
					"description": "Vista del formato de respuesta.",
					"default": "basic",
					"required": false,
					"type": "string",
					"enum": ["all", "basic", "description"]
				}, {
					"name": "_pageSize",
					"in": "query",
					"description": "Número de elementos en cada página.",
					"default": 10,
					"required": false,
					"type": "integer",
					"format": "int32"
				}, {
					"name": "_page",
					"in": "query",
					"description": "Número de la página que se va a pedir.",
					"default": 0,
					"required": false,
					"type": "integer",
					"format": "int32"
				}, {
					"name": "api_key",
					"in": "query",
					"description": "Api key de la aplicación",
					"required": true,
					"type": "string"
				}],
				"responses": {
					"200": {
						"description": "Operación correcta",
						"schema": {
							"$ref": "#/definitions/PropertyResponse"
						}
					},
					"400": {
						"description": "Operación no válida"
					}
				}
			}
		},
		"/iaest/medida.{formato}": {
			"get": {
				"tags": ["Metadata"],
				"summary": "Encuentra todas las medidas",
				"description": "Devuelve todas las medidas de los cubos de datos del IAEST",
				"operationId": "findAllMeasure",
				"produces": ["text/html"],
				"parameters": [{
					"name": "formato",
					"in": "path",
					"description": "Formato de respuesta.",
					"required": true,
					"type": "string",
					"enum": ["json", "xml", "ttl", "html"]
				}, {
					"name": "_view",
					"in": "query",
					"description": "Vista del formato de respuesta.",
					"default": "basic",
					"required": false,
					"type": "string",
					"enum": ["all", "basic", "description"]
				}, {
					"name": "_pageSize",
					"in": "query",
					"description": "Número de elementos en cada página.",
					"default": 10,
					"required": false,
					"type": "integer",
					"format": "int32"
				}, {
					"name": "_page",
					"in": "query",
					"description": "Número de la página que se va a pedir.",
					"default": 0,
					"required": false,
					"type": "integer",
					"format": "int32"
				}, {
					"name": "api_key",
					"in": "query",
					"description": "Api key de la aplicación",
					"required": true,
					"type": "string"
				}],
				"responses": {
					"200": {
						"description": "Operación correcta",
						"schema": {
							"$ref": "#/definitions/PropertyResponse"
						}
					},
					"400": {
						"description": "Operación no válida"
					}
				}
			}
		},
		"/iaest/medida/{nombre}.{formato}": {
			"get": {
				"tags": ["Metadata"],
				"summary": "Encuentra una medida",
				"description": "Devuelve una medida de los cubos de datos del IAEST",
				"operationId": "findOneMeasure",
				"produces": ["text/html"],
				"parameters": [{
					"name": "formato",
					"in": "path",
					"description": "Formato de respuesta.",
					"required": true,
					"type": "string",
					"enum": ["json", "xml", "ttl", "html"]
				}, {
					"name": "nombre",
					"in": "path",
					"description": "Nombre normalizado de la medida",
					"default": "total-viviendas",
					"required": true,
					"type": "string"
				}, {
					"name": "_view",
					"in": "query",
					"description": "Vista del formato de respuesta.",
					"default": "basic",
					"required": false,
					"type": "string",
					"enum": ["all", "basic", "description"]
				}, {
					"name": "_pageSize",
					"in": "query",
					"description": "Número de elementos en cada página.",
					"default": 10,
					"required": false,
					"type": "integer",
					"format": "int32"
				}, {
					"name": "_page",
					"in": "query",
					"description": "Número de la página que se va a pedir.",
					"default": 0,
					"required": false,
					"type": "integer",
					"format": "int32"
				}, {
					"name": "api_key",
					"in": "query",
					"description": "Api key de la aplicación",
					"required": true,
					"type": "string"
				}],
				"responses": {
					"200": {
						"description": "Operación correcta",
						"schema": {
							"$ref": "#/definitions/PropertyResponse"
						}
					},
					"400": {
						"description": "Operación no válida"
					}
				}
			}
		},
		"/iaest/dataset.{formato}": {
			"get": {
				"tags": ["Metadata"],
				"summary": "Encuentra todos los conjuntos de datos",
				"description": "Devuelve todos los conjuntos de datos de los cubos de datos del IAEST",
				"operationId": "findAllDataset",
				"produces": ["text/html"],
				"parameters": [{
					"name": "formato",
					"in": "path",
					"description": "Formato de respuesta.",
					"required": true,
					"type": "string",
					"enum": ["json", "xml", "ttl", "html"]
				}, {
					"name": "_view",
					"in": "query",
					"description": "Vista del formato de respuesta.",
					"default": "basic",
					"required": false,
					"type": "string",
					"enum": ["all", "basic", "description"]
				}, {
					"name": "_pageSize",
					"in": "query",
					"description": "Número de elementos en cada página.",
					"default": 10,
					"required": false,
					"type": "integer",
					"format": "int32"
				}, {
					"name": "_page",
					"in": "query",
					"description": "Número de la página que se va a pedir.",
					"default": 0,
					"required": false,
					"type": "integer",
					"format": "int32"
				}, {
					"name": "api_key",
					"in": "query",
					"description": "Api key de la aplicación",
					"required": true,
					"type": "string"
				}],
				"responses": {
					"200": {
						"description": "Operación correcta",
						"schema": {
							"$ref": "#/definitions/DatasetResponse"
						}
					},
					"400": {
						"description": "Operación no válida"
					}
				}
			}

		},
		"/iaest/dataset/titulo/{varTitulo}.{formato}": {
			"get": {
				"tags": ["Metadata"],
				"summary": "Encuentra los conjuntos de datos por su nombre",
				"description": "Devuelve N conjuntos de datos de los cubos de datos del IAEST dado su título o parte de el.",
				"operationId": "findAllDataset",
				"produces": ["text/html"],
				"parameters": [{
					"name": "formato",
					"in": "path",
					"description": "Formato de respuesta.",
					"required": true,
					"type": "string",
					"enum": ["json", "xml", "ttl", "html"]
				}, {
					"name": "varTitulo",
					"in": "path",
					"description": "Nombre del conjunto de datos.",
					"default": "vivienda",
					"required": true,
					"type": "string"
				}, {
					"name": "_view",
					"in": "query",
					"description": "Vista del formato de respuesta.",
					"default": "basic",
					"required": false,
					"type": "string",
					"enum": ["all", "basic", "description"]
				}, {
					"name": "_pageSize",
					"in": "query",
					"description": "Número de elementos en cada página.",
					"default": 10,
					"required": false,
					"type": "integer",
					"format": "int32"
				}, {
					"name": "_page",
					"in": "query",
					"description": "Número de la página que se va a pedir.",
					"default": 0,
					"required": false,
					"type": "integer",
					"format": "int32"
				}, {
					"name": "api_key",
					"in": "query",
					"description": "Api key de la aplicación",
					"required": true,
					"type": "string"
				}],
				"responses": {
					"200": {
						"description": "Operación correcta",
						"schema": {
							"$ref": "#/definitions/DatasetResponse"
						}
					},
					"400": {
						"description": "Operación no válida"
					}
				}
			}

		},
		"/iaest/dataset/{idConjuntoDatos}.{formato}": {
			"get": {
				"tags": ["Metadata"],
				"summary": "Encuentra un conjunto de datos",
				"operationId": "findAllDataset",
				"produces": ["text/html"],
				"parameters": [{
					"name": "formato",
					"in": "path",
					"description": "Formato de respuesta.",
					"required": true,
					"type": "string",
					"enum": ["json", "xml", "ttl", "html"]
				}, {
					"name": "idConjuntoDatos",
					"in": "path",
					"description": "Identificador del conjunto de datos.",
					"default": "01-010002TM",
					"required": true,
					"type": "string"
				}, {
					"name": "_view",
					"in": "query",
					"description": "Vista del formato de respuesta.",
					"default": "basic",
					"required": false,
					"type": "string",
					"enum": ["all", "basic", "description"]
				}, {
					"name": "_pageSize",
					"in": "query",
					"description": "Número de elementos en cada página.",
					"default": 10,
					"required": false,
					"type": "integer",
					"format": "int32"
				}, {
					"name": "_page",
					"in": "query",
					"description": "Número de la página que se va a pedir.",
					"default": 0,
					"required": false,
					"type": "integer",
					"format": "int32"
				}, {
					"name": "api_key",
					"in": "query",
					"description": "Api key de la aplicación",
					"required": true,
					"type": "string"
				}],
				"responses": {
					"200": {
						"description": "Operación correcta",
						"schema": {
							"$ref": "#/definitions/DatasetResponse"
						}
					},
					"400": {
						"description": "Operación no válida"
					}
				}
			}
		},
		"/iaest/cubosdimension/{dimension}/{valor}.{formato}": {
			"get": {
				"tags": ["Datacube"],
				"summary": "Encuentra un conjunto de datos con una dimensión y un valor específicos",
				"description": "Encuentra un conjunto de datos con una dimensión y un valor específicos de los cubos de datos del IAEST",
				"operationId": "DatasetByDimesionAndValue",
				"produces": ["text/html"],
				"parameters": [{
					"name": "formato",
					"in": "path",
					"description": "Formato de respuesta.",
					"required": true,
					"type": "string",
					"enum": ["json", "xml", "ttl", "html"]
				}, {
					"name": "dimension",
					"in": "path",
					"description": "Nombre normalizado de la dimensión",
					"default": "regimen-de-tenencia-agregado",
					"required": true,
					"type": "string"
				}, {
					"name": "valor",
					"in": "path",
					"description": "Valor normalizado de la dimensión",
					"default": "otra-forma",
					"required": true,
					"type": "string"
				}, {
					"name": "_view",
					"in": "query",
					"description": "Vista del formato de respuesta.",
					"default": "basic",
					"required": false,
					"type": "string",
					"enum": ["all", "basic", "description"]
				}, {
					"name": "_pageSize",
					"in": "query",
					"description": "Número de elementos en cada página.",
					"default": 10,
					"required": false,
					"type": "integer",
					"format": "int32"
				}, {
					"name": "_page",
					"in": "query",
					"description": "Número de la página que se va a pedir.",
					"default": 0,
					"required": false,
					"type": "integer",
					"format": "int32"
				}, {
					"name": "api_key",
					"in": "query",
					"description": "Api key de la aplicación",
					"required": true,
					"type": "string"
				}],
				"responses": {
					"200": {
						"description": "Operación correcta",
						"schema": {
							"$ref": "#/definitions/DatasetResponse"
						}
					},
					"400": {
						"description": "Operación no válida"
					}
				}
			}
		},
		"/iaest/cubosmedida/{medida}/{valor}.{formato}": {
			"get": {
				"tags": ["Datacube"],
				"summary": "Encuentra conjuntos de datos con una medida y un valor específicos",
				"description": "Devuelve todos conjuntos de datos con una medida y un valor específicos de los cubos de datos del IAEST",
				"operationId": "DatasetByMEsureAndValue",
				"produces": ["text/html"],
				"parameters": [{
					"name": "formato",
					"in": "path",
					"description": "Formato de respuesta.",
					"required": true,
					"type": "string",
					"enum": ["json", "xml", "ttl", "html"]
				}, {
					"name": "medida",
					"in": "path",
					"description": "Nombre normalizado de la medida",
					"default": "urbano-superficie",
					"required": true,
					"type": "string"
				}, {
					"name": "valor",
					"in": "path",
					"description": "Valor normalizado de la medida",
					"default": "9",
					"required": true,
					"type": "string"
				}, {
					"name": "_view",
					"in": "query",
					"description": "Vista del formato de respuesta.",
					"default": "basic",
					"required": false,
					"type": "string",
					"enum": ["all", "basic", "description"]
				}, {
					"name": "_pageSize",
					"in": "query",
					"description": "Número de elementos en cada página.",
					"default": 10,
					"required": false,
					"type": "integer",
					"format": "int32"
				}, {
					"name": "_page",
					"in": "query",
					"description": "Número de la página que se va a pedir.",
					"default": 0,
					"required": false,
					"type": "integer",
					"format": "int32"
				}, {
					"name": "api_key",
					"in": "query",
					"description": "Api key de la aplicación",
					"required": true,
					"type": "string"
				}],
				"responses": {
					"200": {
						"description": "Operación correcta",
						"schema": {
							"$ref": "#/definitions/DatasetResponse"
						}
					},
					"400": {
						"description": "Operación no válida"
					}
				}
			}
		},
		"/iaest/cubosdimensionvalor/{valor}.{formato}": {
			"get": {
				"tags": ["Datacube"],
				"summary": "Encuentra todos los conjuntos de datos dado un valor de una dimensión",
				"description": "Devuelve todos los conjuntos de datos dado un valor de una dimensión de los cubos de datos del IAEST",
				"operationId": "datasetsDimensionByValue",
				"produces": ["text/html"],
				"parameters": [{
					"name": "formato",
					"in": "path",
					"description": "Formato de respuesta.",
					"required": true,
					"type": "string",
					"enum": ["json", "xml", "ttl", "html"]
				}, {
					"name": "valor",
					"in": "path",
					"description": "Valor normalizado de la dimensión",
					"default": "familiar",
					"required": true,
					"type": "string"
				}, {
					"name": "_view",
					"in": "query",
					"description": "Vista del formato de respuesta.",
					"default": "basic",
					"required": false,
					"type": "string",
					"enum": ["all", "basic", "description"]
				}, {
					"name": "_pageSize",
					"in": "query",
					"description": "Número de elementos en cada página.",
					"default": 10,
					"required": false,
					"type": "integer",
					"format": "int32"
				}, {
					"name": "_page",
					"in": "query",
					"description": "Número de la página que se va a pedir.",
					"default": 0,
					"required": false,
					"type": "integer",
					"format": "int32"
				}, {
					"name": "api_key",
					"in": "query",
					"description": "Api key de la aplicación",
					"required": true,
					"type": "string"
				}],
				"responses": {
					"200": {
						"description": "Operación correcta",
						"schema": {
							"$ref": "#/definitions/DatasetResponse"
						}
					},
					"400": {
						"description": "Operación no válida"
					}
				}
			}
		},
		"/iaest/cubosmedidavalor/{valor}.{formato}": {
			"get": {
				"tags": ["Datacube"],
				"summary": "Encuentra todos los conjuntos de datos dado un valor de una medida",
				"description": "Devuelve todos los conjuntos de datos dado un valor de una medida de los cubos de datos del IAEST",
				"operationId": "datasetsMesureByValue",
				"produces": ["text/html"],
				"parameters": [{
					"name": "formato",
					"in": "path",
					"description": "Formato de respuesta.",
					"required": true,
					"type": "string",
					"enum": ["json", "xml", "ttl", "html"]
				}, {
					"name": "valor",
					"in": "path",
					"description": "Valor normalizado de la medida.",
					"default": "9",
					"required": true,
					"type": "string"
				}, {
					"name": "_view",
					"in": "query",
					"description": "Vista del formato de respuesta.",
					"default": "basic",
					"required": false,
					"type": "string",
					"enum": ["all", "basic", "description"]
				}, {
					"name": "_pageSize",
					"in": "query",
					"description": "Número de elementos en cada página.",
					"default": 10,
					"required": false,
					"type": "integer",
					"format": "int32"
				}, {
					"name": "_page",
					"in": "query",
					"description": "Número de la página que se va a pedir.",
					"default": 0,
					"required": false,
					"type": "integer",
					"format": "int32"
				}, {
					"name": "api_key",
					"in": "query",
					"description": "Api key de la aplicación",
					"required": true,
					"type": "string"
				}],
				"responses": {
					"200": {
						"description": "Operación correcta",
						"schema": {
							"$ref": "#/definitions/DatasetResponse"
						}
					},
					"400": {
						"description": "Operación no válida"
					}
				}
			}
		},
		"/iaest/cubosdimensionpropiedad/{dimension}.{formato}": {
			"get": {
				"tags": ["Datacube"],
				"summary": "Encuentra los conjuntos de datos dada una dimensión",
				"description": "Devuelve los conjuntos de datos dada una dimensión de los cubos de datos del IAEST",
				"operationId": "datasetsByDimension",
				"produces": ["text/html"],
				"parameters": [{
					"name": "formato",
					"in": "path",
					"description": "Formato de respuesta.",
					"required": true,
					"type": "string",
					"enum": ["json", "xml", "ttl", "html"]
				}, {
					"name": "dimension",
					"in": "path",
					"description": "Nombre normalizado de la dimensión",
					"default": "numero-habitaciones",
					"required": true,
					"type": "string"
				}, {
					"name": "_view",
					"in": "query",
					"description": "Vista del formato de respuesta.",
					"default": "basic",
					"required": false,
					"type": "string",
					"enum": ["all", "basic", "description"]
				}, {
					"name": "_pageSize",
					"in": "query",
					"description": "Número de elementos en cada página.",
					"default": 10,
					"required": false,
					"type": "integer",
					"format": "int32"
				}, {
					"name": "_page",
					"in": "query",
					"description": "Número de la página que se va a pedir.",
					"default": 0,
					"required": false,
					"type": "integer",
					"format": "int32"
				}, {
					"name": "api_key",
					"in": "query",
					"description": "Api key de la aplicación",
					"required": true,
					"type": "string"
				}],
				"responses": {
					"200": {
						"description": "Operación correcta",
						"schema": {
							"$ref": "#/definitions/DatasetResponse"
						}
					},
					"400": {
						"description": "Operación no válida"
					}
				}
			}
		},
		"/iaest/cubosmedidapropiedad/{medida}.{formato}": {
			"get": {
				"tags": ["Datacube"],
				"summary": "Encuentra los conjuntos de datos dado una medida",
				"operationId": "datasetsByMesure",
				"produces": ["text/html"],
				"parameters": [{
					"name": "formato",
					"in": "path",
					"description": "Formato de respuesta.",
					"required": true,
					"type": "string",
					"enum": ["json", "xml", "ttl", "html"]
				}, {
					"name": "medida",
					"in": "path",
					"description": "Nombre normalizado de la medida.",
					"default": "urbana",
					"required": true,
					"type": "string"
				}, {
					"name": "_view",
					"in": "query",
					"description": "Vista del formato de respuesta.",
					"default": "basic",
					"required": false,
					"type": "string",
					"enum": ["all", "basic", "description"]
				}, {
					"name": "_pageSize",
					"in": "query",
					"description": "Número de elementos en cada página.",
					"default": 10,
					"required": false,
					"type": "integer",
					"format": "int32"
				}, {
					"name": "_page",
					"in": "query",
					"description": "Número de la página que se va a pedir.",
					"default": 0,
					"required": false,
					"type": "integer",
					"format": "int32"
				}, {
					"name": "api_key",
					"in": "query",
					"description": "Api key de la aplicación",
					"required": true,
					"type": "string"
				}],
				"responses": {
					"200": {
						"description": "Operación correcta",
						"schema": {
							"$ref": "#/definitions/DatasetResponse"
						}
					},
					"400": {
						"description": "Operación no válida"
					}
				}
			}
		},
		"/iaest/cubosarea/{valor}.{formato}": {
			"get": {
				"tags": ["Datacube"],
				"summary": "Encuentra los conjuntos de datos dado un área",
				"description": "Devuelve los conjuntos de datos dado un área de los cubos de datos del IAEST",
				"operationId": "datasetsByArea",
				"produces": ["text/html"],
				"parameters": [{
					"name": "formato",
					"in": "path",
					"description": "Formato de respuesta.",
					"required": true,
					"type": "string",
					"enum": ["json", "xml", "ttl", "html"]
				}, {
					"name": "valor",
					"in": "path",
					"description": "Nombre normalizado del área",
					"default": "La_Jacetania",
					"required": true,
					"type": "string"
				}, {
					"name": "_view",
					"in": "query",
					"description": "Vista del formato de respuesta.",
					"default": "basic",
					"required": false,
					"type": "string",
					"enum": ["all", "basic", "description"]
				}, {
					"name": "_pageSize",
					"in": "query",
					"description": "Número de elementos en cada página.",
					"default": 10,
					"required": false,
					"type": "integer",
					"format": "int32"
				}, {
					"name": "_page",
					"in": "query",
					"description": "Número de la página que se va a pedir.",
					"default": 0,
					"required": false,
					"type": "integer",
					"format": "int32"
				}, {
					"name": "api_key",
					"in": "query",
					"description": "Api key de la aplicación",
					"required": true,
					"type": "string"
				}],
				"responses": {
					"200": {
						"description": "Operación correcta",
						"schema": {
							"$ref": "#/definitions/DatasetResponse"
						}
					},
					"400": {
						"description": "Operación no válida"
					}
				}
			}
		},
		"/iaest/cubosareacomarca.{formato}": {
			"get": {
				"tags": ["Datacube"],
				"summary": "Encuentra los conjuntos de datos dado una comarca",
				"description": "Devuelve los conjuntos de datos dado una comarca de los cubos de datos del IAEST",
				"operationId": "datasetsByArea",
				"produces": ["text/html"],
				"parameters": [{
					"name": "formato",
					"in": "path",
					"description": "Formato de respuesta.",
					"required": true,
					"type": "string",
					"enum": ["json", "xml", "ttl", "html"]
				}, {
					"name": "_view",
					"in": "query",
					"description": "Vista del formato de respuesta.",
					"default": "basic",
					"required": false,
					"type": "string",
					"enum": ["all", "basic", "description"]
				}, {
					"name": "_pageSize",
					"in": "query",
					"description": "Número de elementos en cada página.",
					"default": 10,
					"required": false,
					"type": "integer",
					"format": "int32"
				}, {
					"name": "_page",
					"in": "query",
					"description": "Número de la página que se va a pedir.",
					"default": 0,
					"required": false,
					"type": "integer",
					"format": "int32"
				}, {
					"name": "api_key",
					"in": "query",
					"description": "Api key de la aplicación",
					"required": true,
					"type": "string"
				}],
				"responses": {
					"200": {
						"description": "Operación correcta",
						"schema": {
							"$ref": "#/definitions/DatasetResponse"
						}
					},
					"400": {
						"description": "Operación no válida"
					}
				}
			}
		},
		"/iaest/cubosareamunicipio.{formato}": {
			"get": {
				"tags": ["Datacube"],
				"summary": "Encuentra los conjuntos de datos dado un municipio",
				"description": "Devuelve los conjuntos de datos dado un municipio de los cubos de datos del IAEST",
				"operationId": "datasetsByArea",
				"produces": ["text/html"],
				"parameters": [{
					"name": "formato",
					"in": "path",
					"description": "Formato de respuesta.",
					"required": true,
					"type": "string",
					"enum": ["json", "xml", "ttl", "html"]
				}, {
					"name": "_view",
					"in": "query",
					"description": "Vista del formato de respuesta.",
					"default": "basic",
					"required": false,
					"type": "string",
					"enum": ["all", "basic", "description"]
				}, {
					"name": "_pageSize",
					"in": "query",
					"description": "Número de elementos en cada página.",
					"default": 10,
					"required": false,
					"type": "integer",
					"format": "int32"
				}, {
					"name": "_page",
					"in": "query",
					"description": "Número de la página que se va a pedir.",
					"default": 0,
					"required": false,
					"type": "integer",
					"format": "int32"
				}, {
					"name": "api_key",
					"in": "query",
					"description": "Api key de la aplicación",
					"required": true,
					"type": "string"
				}],
				"responses": {
					"200": {
						"description": "Operación correcta",
						"schema": {
							"$ref": "#/definitions/DatasetResponse"
						}
					},
					"400": {
						"description": "Operación no válida"
					}
				}
			}
		},
		"/iaest/cubosareaprovincia.{formato}": {
			"get": {
				"tags": ["Datacube"],
				"summary": "Encuentra los conjuntos de datos dada una provincia",
				"description": "Devuelve los conjuntos de datos dada una provincia de los cubos de datos del IAEST",
				"operationId": "datasetsByArea",
				"produces": ["text/html"],
				"parameters": [{
					"name": "formato",
					"in": "path",
					"description": "Formato de respuesta.",
					"required": true,
					"type": "string",
					"enum": ["json", "xml", "ttl", "html"]
				}, {
					"name": "_view",
					"in": "query",
					"description": "Vista del formato de respuesta.",
					"default": "basic",
					"required": false,
					"type": "string",
					"enum": ["all", "basic", "description"]
				}, {
					"name": "_pageSize",
					"in": "query",
					"description": "Número de elementos en cada página.",
					"default": 10,
					"required": false,
					"type": "integer",
					"format": "int32"
				}, {
					"name": "_page",
					"in": "query",
					"description": "Número de la página que se va a pedir.",
					"default": 0,
					"required": false,
					"type": "integer",
					"format": "int32"
				}, {
					"name": "api_key",
					"in": "query",
					"description": "Api key de la aplicación",
					"required": true,
					"type": "string"
				}],
				"responses": {
					"200": {
						"description": "Operación correcta",
						"schema": {
							"$ref": "#/definitions/DatasetResponse"
						}
					},
					"400": {
						"description": "Operación no válida"
					}
				}
			}
		},
		"/iaest/cubosareacomunidad.{formato}": {
			"get": {
				"tags": ["Datacube"],
				"summary": "Encuentra los conjuntos de datos dada una comunidad autónoma",
				"description": "Devuelve los conjuntos de datos dada una comunidad autónoma de los cubos de datos del IAEST",
				"operationId": "datasetsByArea",
				"produces": ["text/html"],
				"parameters": [{
					"name": "formato",
					"in": "path",
					"description": "Formato de respuesta.",
					"required": true,
					"type": "string",
					"enum": ["json", "xml", "ttl", "html"]
				}, {
					"name": "_view",
					"in": "query",
					"description": "Vista del formato de respuesta.",
					"default": "basic",
					"required": false,
					"type": "string",
					"enum": ["all", "basic", "description"]
				}, {
					"name": "_pageSize",
					"in": "query",
					"description": "Número de elementos en cada página.",
					"default": 10,
					"required": false,
					"type": "integer",
					"format": "int32"
				}, {
					"name": "_page",
					"in": "query",
					"description": "Número de la página que se va a pedir.",
					"default": 0,
					"required": false,
					"type": "integer",
					"format": "int32"
				}, {
					"name": "api_key",
					"in": "query",
					"description": "Api key de la aplicación",
					"required": true,
					"type": "string"
				}],
				"responses": {
					"200": {
						"description": "Operación correcta",
						"schema": {
							"$ref": "#/definitions/DatasetResponse"
						}
					},
					"400": {
						"description": "Operación no válida"
					}
				}
			}
		}
	},
	"securityDefinitions": {
		"api_key": {
			"type": "apiKey",
			"name": "api_key",
			"in": "header"
		}
	},
	"definitions": {
		"ObservationResponse": {
			"type": "object",
			"required": ["format", "version", "result"],
			"properties": {
				"format": {
					"type": "string"
				},
				"version": {
					"type": "string",
					"format": "version"
				},
				"result": {
					"$ref": "#/definitions/ObservationResult"
				}
			},
			"xml": {
				"name": "ObservationResponse"
			}
		},
		"DsdAllResponse": {
			"type": "object",
			"required": ["format", "version", "result"],
			"properties": {
				"format": {
					"type": "string"
				},
				"version": {
					"type": "string",
					"format": "version"
				},
				"result": {
					"$ref": "#/definitions/DsdAllResult"
				}
			},
			"xml": {
				"name": "DsdResponse"
			}
		},
		"DsdIdResponse": {
			"type": "object",
			"required": ["format", "version", "result"],
			"properties": {
				"format": {
					"type": "string"
				},
				"version": {
					"type": "string",
					"format": "version"
				},
				"result": {
					"$ref": "#/definitions/DsdIdResult"
				}
			},
			"xml": {
				"name": "DsdResponse"
			}
		},
		"PropertyResponse": {
			"type": "object",
			"required": ["format", "version", "result"],
			"properties": {
				"format": {
					"type": "string"
				},
				"version": {
					"type": "string",
					"format": "version"
				},
				"result": {
					"$ref": "#/definitions/PropertyResult"
				}
			},
			"xml": {
				"name": "PropertyResponse"
			}
		},
		"DatasetResponse": {
			"type": "object",
			"required": ["format", "version", "result"],
			"properties": {
				"format": {
					"type": "string"
				},
				"version": {
					"type": "string",
					"format": "version"
				},
				"result": {
					"$ref": "#/definitions/DatasetResult"
				}
			},
			"xml": {
				"name": "DatasetResponse"
			}
		},
		"MunicipalityResponse": {
			"type": "object",
			"required": ["format", "version", "result"],
			"properties": {
				"format": {
					"type": "string"
				},
				"version": {
					"type": "string",
					"format": "version"
				},
				"result": {
					"$ref": "#/definitions/MunicipalityResult"
				}
			},
			"xml": {
				"name": "MunicipalityResponse"
			}
		},
		"RegionResponse": {
			"type": "object",
			"required": ["format", "version", "result"],
			"properties": {
				"format": {
					"type": "string"
				},
				"version": {
					"type": "string",
					"format": "version"
				},
				"result": {
					"$ref": "#/definitions/RegionResult"
				}
			},
			"xml": {
				"name": "RegionResponse"
			}
		},
		"ProvinceResponse": {
			"type": "object",
			"required": ["format", "version", "result"],
			"properties": {
				"format": {
					"type": "string"
				},
				"version": {
					"type": "string",
					"format": "version"
				},
				"result": {
					"$ref": "#/definitions/ProvinceResult"
				}
			},
			"xml": {
				"name": "ProvinceResponse"
			}
		},
		"AutonomousCommunityResponse": {
			"type": "object",
			"required": ["format", "version", "result"],
			"properties": {
				"format": {
					"type": "string"
				},
				"version": {
					"type": "string",
					"format": "version"
				},
				"result": {
					"$ref": "#/definitions/AutonomousCommunityResult"
				}
			},
			"xml": {
				"name": "AutonomousCommunityResponse"
			}
		},
		"ObservationResult": {
			"type": "object",
			"required": ["format", "version", "items"],
			"properties": {
				"_about": {
					"type": "string",
					"description": "URL de la llamada"
				},
				"first": {
					"type": "string",
					"description": "URL de la primera página"
				},
				"items": {
					"type": "array",
					"items": {
						"$ref": "#/definitions/Observation"
					},
					"description": "Colección de observaciones"
				},
				"itemsPerPage": {
					"type": "integer",
					"format": "int32",
					"description": "Numero de resultados por páginas"
				},
				"next": {
					"type": "string",
					"description": "URL de la siguiente página"
				},
				"page": {
					"type": "string",
					"description": "URL de la llamada"
				},
				"prev": {
					"type": "string",
					"description": "URL de página anterior"
				},
				"startIndex": {
					"type": "integer",
					"format": "int32",
					"description": "Número del primer resultado con respecto al total"
				}
			},
			"xml": {
				"name": "ObservationResult"
			}
		},
		"DsdAllResult": {
			"type": "object",
			"required": ["format", "version", "items"],
			"properties": {
				"_about": {
					"type": "string",
					"description": "URL de la siguiente página"
				},
				"first": {
					"type": "string",
					"description": "URL de la primera página"
				},
				"items": {
					"type": "array",
					"items": {
						"$ref": "#/definitions/DsdAll"
					},
					"description": "Colección de dsd"
				},
				"itemsPerPage": {
					"type": "integer",
					"format": "int32",
					"description": "Numero de resultados por página"
				},
				"next": {
					"type": "string",
					"description": "URL de la siguiente página"
				},
				"page": {
					"type": "string",
					"description": "URL de la llamada"
				},
				"prev": {
					"type": "string",
					"description": "URL de página anterior"
				},
				"startIndex": {
					"type": "integer",
					"format": "int32",
					"description": "Número del primer resultado con respecto al total"
				}
			},
			"xml": {
				"name": "DsdAllResult"
			}
		},
		"DsdIdResult": {
			"type": "object",
			"required": ["format", "version", "items"],
			"properties": {
				"_about": {
					"type": "string",
					"description": "URL de la siguiente página"
				},
				"first": {
					"type": "string",
					"description": "URL de la primera página"
				},
				"items": {
					"type": "array",
					"items": {
						"$ref": "#/definitions/Property"
					},
					"description": "Colección de dsd"
				},
				"itemsPerPage": {
					"type": "integer",
					"format": "int32",
					"description": "Numero de resultados por página"
				},
				"next": {
					"type": "string",
					"description": "URL de la siguiente página"
				},
				"page": {
					"type": "string",
					"description": "URL de la llamada"
				},
				"prev": {
					"type": "string",
					"description": "URL de página anterior"
				},
				"startIndex": {
					"type": "integer",
					"format": "int32",
					"description": "Número del primer resultado con respecto al total"
				}
			},
			"xml": {
				"name": "DsdIdResult"
			}
		},
		"PropertyResult": {
			"type": "object",
			"required": ["format", "version", "items"],
			"properties": {
				"_about": {
					"type": "string",
					"description": "URL de la siguiente página"
				},
				"first": {
					"type": "string",
					"description": "URL de la primera página"
				},
				"items": {
					"type": "array",
					"items": {
						"$ref": "#/definitions/Property"
					},
					"description": "Colección de propiedades"
				},
				"itemsPerPage": {
					"type": "integer",
					"format": "int32",
					"description": "Numero de resultados por página"
				},
				"next": {
					"type": "string",
					"description": "URL de la siguiente página"
				},
				"page": {
					"type": "string",
					"description": "URL de la llamada"
				},
				"prev": {
					"type": "string",
					"description": "URL de página anterior"
				},
				"startIndex": {
					"type": "integer",
					"format": "int32",
					"description": "Número del primer resultado con respecto al total"
				}
			},
			"xml": {
				"name": "PropertyResult"
			}
		},
		"DatasetResult": {
			"type": "object",
			"required": ["format", "version", "items"],
			"properties": {
				"_about": {
					"type": "string",
					"description": "URL de la siguiente página"
				},
				"first": {
					"type": "string",
					"description": "URL de la primera página"
				},
				"items": {
					"type": "array",
					"items": {
						"$ref": "#/definitions/Dataset"
					},
					"description": "Colección de conjuntos de datos"
				},
				"itemsPerPage": {
					"type": "integer",
					"format": "int32",
					"description": "Numero de resultados por página"
				},
				"next": {
					"type": "string",
					"description": "URL de la siguiente página"
				},
				"page": {
					"type": "string",
					"description": "URL de la llamada"
				},
				"prev": {
					"type": "string",
					"description": "URL de página anterior"
				},
				"startIndex": {
					"type": "integer",
					"format": "int32",
					"description": "Número del primer resultado con respecto al total"
				}
			},
			"xml": {
				"name": "DatasetResult"
			}
		},
		"MunicipalityResult": {
			"type": "object",
			"required": ["format", "version", "items"],
			"properties": {
				"_about": {
					"type": "string",
					"description": "URL de la siguiente página"
				},
				"first": {
					"type": "string",
					"description": "URL de la primera página"
				},
				"items": {
					"type": "array",
					"items": {
						"$ref": "#/definitions/Municipality"
					},
					"description": "Colección de municipios"
				},
				"itemsPerPage": {
					"type": "integer",
					"format": "int32",
					"description": "Numero de resultados por página"
				},
				"next": {
					"type": "string",
					"description": "URL de la siguiente página"
				},
				"page": {
					"type": "string",
					"description": "URL de la llamada"
				},
				"prev": {
					"type": "string",
					"description": "URL de página anterior"
				},
				"startIndex": {
					"type": "integer",
					"format": "int32",
					"description": "Número del primer resultado con respecto al total"
				}
			},
			"xml": {
				"name": "MunicipalityResult"
			}
		},
		"RegionResult": {
			"type": "object",
			"required": ["format", "version", "items"],
			"properties": {
				"_about": {
					"type": "string",
					"description": "URL de la llamada"
				},
				"first": {
					"type": "string",
					"description": "URL de la primera página"
				},
				"items": {
					"type": "array",
					"items": {
						"$ref": "#/definitions/Region"
					},
					"description": "Colección de comarcas"
				},
				"itemsPerPage": {
					"type": "integer",
					"format": "int32",
					"description": "Numero de resultados por página"
				},
				"next": {
					"type": "string",
					"description": "URL de la siguiente página"
				},
				"page": {
					"type": "string",
					"description": "URL de la llamada"
				},
				"prev": {
					"type": "string",
					"description": "URL de página anterior"
				},
				"startIndex": {
					"type": "integer",
					"format": "int32",
					"description": "Número del primer resultado con respecto al total"
				}
			},
			"xml": {
				"name": "RegionResult"
			}
		},
		"ProvinceResult": {
			"type": "object",
			"required": ["format", "version", "items"],
			"properties": {
				"_about": {
					"type": "string",
					"description": "URL de la llamada"
				},
				"first": {
					"type": "string",
					"description": "URL de la primera página"
				},
				"items": {
					"type": "array",
					"items": {
						"$ref": "#/definitions/Province"
					},
					"description": "Colección de provincias"
				},
				"itemsPerPage": {
					"type": "integer",
					"format": "int32",
					"description": "Numero de resultados por página"
				},
				"next": {
					"type": "string",
					"description": "URL de la siguiente página"
				},
				"page": {
					"type": "string",
					"description": "URL de la llamada"
				},
				"prev": {
					"type": "string",
					"description": "URL de página anterior"
				},
				"startIndex": {
					"type": "integer",
					"format": "int32",
					"description": "Número del primer resultado con respecto al total"
				}
			},
			"xml": {
				"name": "ProvinceResult"
			}
		},
		"AutonomousCommunityResult": {
			"type": "object",
			"required": ["format", "version", "items"],
			"properties": {
				"_about": {
					"type": "string",
					"description": "URL de la llamada"
				},
				"first": {
					"type": "string",
					"description": "URL de la primera página"
				},
				"items": {
					"type": "array",
					"items": {
						"$ref": "#/definitions/AutonomousCommunity"
					},
					"description": "Colección de comunidades autónomas"
				},
				"itemsPerPage": {
					"type": "integer",
					"format": "int32",
					"description": "Numero de resultados por página"
				},
				"next": {
					"type": "string",
					"description": "URL de la siguiente página"
				},
				"page": {
					"type": "string",
					"description": "URL de la llamada"
				},
				"prev": {
					"type": "string",
					"description": "URL de página anterior"
				},
				"startIndex": {
					"type": "integer",
					"format": "int32",
					"description": "Número del primer resultado con respecto al total"
				}
			},
			"xml": {
				"name": "AutonomousCommunityResult"
			}
		},
		"Observation": {
			"type": "object",
			"required": ["_about"],
			"properties": {
				"_about": {
					"type": "string",
					"description": "URL de la observación",
					"example": "http://opendata.aragon.es/recurso/iaest/observacion/XX-XXXXXXX/yyyyyyyyyyyyyyyyyyyyyyyyyyyyyyy"
				},
				"type": {
					"type": "object"
				}
			}
		},
		"DsdAll": {
			"type": "object",
			"required": ["_about"],
			"properties": {
				"_about": {
					"type": "string",
					"description": "URL del dsd",
					"example": "http://opendata.aragon.es/recurso/iaest/dsd/01-010002"
				},
				"label": {
					"type": "string",
					"description": "Etiqueta del dsd",
					"example": "Estructura de los cubos de datos que se corresponden con los informes 01-010002"
				},
				"skos:notation": {
					"type": "string",
					"description": "Notación del dsd"
				},
				"type": {
					"type": "object"
				}
			}
		},
		"DsdId": {
			"type": "object",
			"required": ["_about"],
			"properties": {
				"_about": {
					"type": "string",
					"description": "URL del dsd",
					"example": "http://opendata.aragon.es/recurso/iaest/dsd/03-030006"
				},
				"label": {
					"type": "string",
					"description": "Etiqueta del dsd",
					"example": "Estructura de los cubos de datos que se corresponden con los informes XX-XXXXXX"
				},
				"skos:notation": {
					"type": "string",
					"description": "Notación del dsd"
				},
				"type": {
					"type": "object"
				}
			}
		},
		"Property": {
			"type": "object",
			"required": ["_about"],
			"properties": {
				"_about": {
					"type": "string",
					"description": "URL de la propiedad",
					"example": "http://opendata.aragon.es/def/iaest/dimension#regimen-de-tenencia-agregado"
				},
				"comment": {
					"type": "string",
					"description": "Comentario de la propiedad",
					"example": "Régimen de tenencia (agregado)"
				},
				"label": {
					"type": "string",
					"description": "Etiqueta de la propiedad",
					"example": "Régimen de tenencia (agregado)"
				},
				"qb_codeList": {
					"type": "string",
					"description": "URL de la codeList",
					"example": "http://opendata.aragon.es/kos/iaest/regimen-de-tenencia-agregado"
				},
				"range": {
					"type": "string",
					"description": "URL del rango",
					"example": "http://www.w3.org/2004/02/skos/core#Concept"
				}
			}
		},
		"Dataset": {
			"type": "object",
			"required": ["_about"],
			"properties": {
				"_about": {
					"type": "string",
					"description": "URL del conjunto de datos",
					"example": "http://opendata.aragon.es/recurso/iaest/dataset/01-080101-010108TM"
				},
				"comment": {
					"type": "string",
					"description": "Comentario del conjunto de datos",
					"example": "Cubo de datos para 01-080101-010108TM"
				},
				"label": {
					"type": "string",
					"description": "Etiqueta de conjunto de datos",
					"example": "Cubo de datos para 01-080101-010108TM"
				},
				"modified": {
					"type": "string",
					"description": "Ultima modificación del conjunto de datos",
					"example": "Wed, 16 Mar 2016"
				},
				"structure": {
					"type": "array",
					"items": {
						"$ref": "#/definitions/Dsd"
					},
					"description": "Colección de dsd"
				},
				"type": {
					"type": "object"
				}
			}
		},
		"Municipality": {
			"type": "object",
			"required": ["_about"],
			"properties": {
				"pais": {
					"type": "string",
					"description": "País del municipio",
					"example": "http://es.dbpedia.org/resource/España"
				},
				"label": {
					"type": "string",
					"description": "Nombre del municipio",
					"example": "Ababuj"
				},
				"comunidadAutonoma": {
					"type": "string",
					"description": "Comunidad autónoma del municipio",
					"example": "http://opendata.aragon.es/recurso/territorio/ComunidadAutonoma/Aragón"
				},
				"comarca": {
					"type": "string",
					"description": "Comarca del municipio",
					"example": "http://opendata.aragon.es/recurso/territorio/Comarca/Comunidad_de_Teruel"
				},
				"_about": {
					"type": "string",
					"description": "URL del municipio",
					"example": "http://opendata.aragon.es/recurso/territorio/Municipio/Ababuj"
				}
			}
		},
		"Region": { 
			"type": "object",
			"required": ["_about"],
			"properties": {
				"pais": {
					"type": "string",
					"description": "País de la comarca",
					"example": "http://es.dbpedia.org/resource/España"
				},
				"label": {
					"type": "string",
					"description": "Nombre de la comarca",
					"example": "Alto Gállego"
				},
				"comunidadAutonoma": {
					"type": "string",
					"description": "Comunidad autónoma de la comarca",
					"example": "http://opendata.aragon.es/recurso/territorio/ComunidadAutonoma/Aragón"
				},
				"_about": {
					"type": "string",
					"description": "URL de la comarca",
					"example": "http://opendata.aragon.es/recurso/territorio/Comarca/Alto_Gállego"
				}
			}
		},
		"Province": {
			"type": "object",
			"required": ["_about"],
			"properties": {
				"pais": {
					"type": "string",
					"description": "País de la provincia",
					"example": "http://es.dbpedia.org/resource/España"
				},
				"label": {
					"type": "string",
					"description": "Nombre de la provincia",
					"example": "Huesca (provincia)"
				},
				"comunidadAutonoma": {
					"type": "string",
					"description": "Comunidad autónoma de la provincia",
					"example": "http://opendata.aragon.es/recurso/territorio/ComunidadAutonoma/Aragón"
				},
				"_about": {
					"type": "string",
					"description": "URL de la provincia",
					"example": "http://opendata.aragon.es/recurso/territorio/Provincia/Huesca"
				}
			}
		},
		"AutonomousCommunity": {
			"type": "object",
			"required": ["_about"],
			"properties": {
				"pais": {
					"type": "string",
					"description": "País de la comunidad autónoma",
					"example": "http://es.dbpedia.org/resource/España"
				},
				"label": {
					"type": "string",
					"description": "Nombre de la comunidad autónoma",
					"example": "Aragón"
				},
				"_about": {
					"type": "string",
					"description": "URL de la comunidad autónoma",
					"example": "http://opendata.aragon.es/recurso/territorio/ComunidadAutonoma/Aragón"
				}
			}
		}
	},
	"externalDocs": {
		"description": "",
		"url": ""
	}
}

